ADR2640 - IA 27 NB @ MM 0.65,7114
ADR2640 - IA 27 SB @ MM 0.65,7114
IWZ3554 - I-35 NB @ MM 111.4 (IL,10835
IWZ3554 - I-35 SB @ MM 111.4 (IL,10835
IWZ3085 - I-35 NB @ MM 112 (IL),11495
IWZ3085 - I-35 SB @ MM 112 (IL),11495
IWZ3556 - I-35 NB @ IA-MO border,13477
IWZ3556 - I-35 SB @ IA-MO border,13477
ADR2600 - US 71 NB @ MM 0.65,14027
ADR2600 - US 71 SB @ MM 0.65,14027
IWZ3555 - I-35 SB @ south of US,15460
IWZ3555 - I-35 NB @ south of US,15460
IWZ3527 - I-35 SB @ Decatur Rest,18765
IWZ3527 - I-35 NB @ Decatur Rest,18765
ADR2620 - US 63 NB @ MM 8.70,22860
ADR2620 - US 63 SB @ MM 8.70,22860
ADR2800 - IA 2 EB @ MM 117.30,24043
ADR2800 - IA 2 WB @ MM 117.30,24043
ADR2660 - IA 2 EB @ MM 190.65,24179
ADR2660 - IA 2 WB @ MM 190.65,24179
ADR1060 - I-35 NB @ MM 13.40,24706
ADR1060 - I-35 SB @ MM 13.40,24706
ADR2400 - IA 2 EB @ MM 18.25,25193
ADR2400 - IA 2 WB @ MM 18.25,25193
IWZ 3066 EB,29592
ADR8160 - US 34 EB @ MM 260.35,29595
ADR8160 - US 34 WB @ MM 260.35,29595
IWZ 3507 EB,29596
IWZ 3507 WB,29596
IWZ 3507 WB On Ramp,29596
IWZ 3087 WB,29599
IWZ 3087 EB,29599
IWZ 3087 EB Off Ramp,29599
IWZ 3516 WB,29600
IWZ 3516 EB,29600
IWZ 3516 EB Off Ramp,29600
IWZ 3516 WB On Ramp,29600
IWZ 3066 WB,30252
ADR2140 - US 61 NB @ MM 45.25,32894
ADR2140 - US 61 SB @ MM 45.25,32894
ADR1020 - I-29 NB @ MM 28.55,37710
ADR1020 - I-29 SB @ MM 28.55,37710
ADR5010 - IA 5 NB @ MM 30.20,39328
ADR5010 - IA 5 SB @ MM 30.20,39328
ADR2770 - US 34 EB @ MM 200.65,41369
ADR2770 - US 34 WB @ MM 200.65,41369
ADR2730 - US 34 EB @ MM 151.05,41938
ADR2730 - US 34 WB @ MM 151.05,41938
ADR2160 - US 34 EB @ MM 95.95,43156
ADR2160 - US 34 WB @ MM 95.95,43156
ADR2190 - IA 122 EB @ MM 113.25,43189
ADR2190 - IA 122 WB @ MM 113.25,43189
ADR2670 - US 34 EB @ MM 22.85,43683
ADR2670 - US 34 WB @ MM 22.85,43683
ADR2860 - US 34 EB @ MM 2.00,44305
ADR2860 - US 34 WB @ MM 2.00,44305
ADR2050 - US 218 NB @ MM 52.35,47699
ADR2050 - US 218 SB @ MM 52.35,48036
CBDS 26 NB,50908
CBDS 26 SB,50908
CBDS 52 NB,52888
CBDS 52 SB,52888
ADR2230 - IA 3 NB @ MM 38.65,52957
ADR2230 - IA 3 SB @ MM 38.65,52957
CBDS 27 NB,53548
CBDS 27 SB,53548
CBDS 28 NB,54868
CBDS 28 SB,54868
ADR2380 - IA 149 NB @ MM 24.15,55229
ADR2380 - IA 149 SB @ MM 24.15,55229
IWZ 4012 SB Ramp,55527
IWZ 3090 SB Off Ramp,55527
CBDS 29 NB,55528
CBDS 29 SB,55528
CBDS 29 US 275 to I-29 SB,55528
I-29 NB to US 275 EB,55528
CBDS 19 NB to I-80 EB,56187
CBDS 30 NB,56187
CBDS 30 SB,56187
CBDS 19 NB to I-80 WB,56187
CBDS 30 I-29 SB to US 275,56187
IWZ 3090 NB,56187
CBDS 60 SB,56187
IA 92 IWZ 3060 WB,56188
IA 92 IWZ 3060 EB,56189
CBDS 01 I-80 EB,56840
CBDS 01 I-80 WB,56840
CBDS 04 SB Ramp to I-80 WB,56840
CBDS 04 SB Ramp to I-80 EB,56840
CBDS 01 I-80 EB to I-29 NB,56840
CBDS 07 I-80 WB,56841
CBDS 05 I-29 NB,56841
CBDS 06 EB Ramp from I-29 SB,56841
CBDS 07 I-80 WB Ramp to I-29 NB,56841
CBDS 08 EB_2,56841
CBDS 61 I-80 WB,56841
CBDS 61 I-80 EB,56841
CBDS71 - I-80 EB Off Ramp @ I-29,56841
I-80 CBDS 55 WB On Ramp from S 2,56842
I-80 CBDS 55 WB,56842
I-80 CBDS 55 EB,56842
I-80 CBDS 56 EB On Ramp from S 2,56843
I-80 CBDS 56 EB,56843
I-80 CBDS 58 WB,56843
I-80 CBDS 58 EB,56843
I-80 CBDS 55 WB Off Ramp to S 24,56843
CBDS 10 EB,56844
CBDS 10 WB,56844
CBDS 12 EB,56845
CBDS 12 WB,56845
CBDS 14 WB,56845
CBDS 14 EB,56845
CBDS 12 EB Exit Ramp,56845
CBDS 14 EB On Ramp,56845
CBDS 14 WB Off Ramp,56845
I-80 CBDS 57 EB Off Ramp to S Ex,56845
CBDS-59-WB,56845
CBDS-59-WBR,56845
CBDS 16 EB Thru to I-80 EB,56846
CBDS 16 EB Thru to I-29 SB,56846
CBDS 17 I-80 WB,56846
CBDS 17 I-29 NB,56846
CBDS 21 WB,56848
CBDS 21 EB,56848
CBDS 20 WB,56848
CBDS 20 EB,56848
CBDS 21 EB On Ramp,56848
CBDS 32 NB,57500
CBDS 32 SB,57500
CBDS 31 NB,57500
CBDS 31 SB,57500
I-29 SB to Nebraska Ave,57500
Nebraska Ave to I-29 NB,57500
CBDS 22 EB,57509
CBDS 22 WB,57509
CBDS 34 SB,58160
CBDS 34 NB,58160
CBDS 33 NB,58160
CBDS 33 SB,58160
CBDS 35 SB ramp from I-480 EB,58160
CBDS 35 SB,58160
9th Ave to I-29 SB,58160
I-29 NB to 9th Ave,58160
CBDS 35 NB,58160
CBDS 36 WB,58819
CBDS 36 EB,58819
CBDS 36 EB Ramp to I-29 SB,58819
CBDS 39 EB,58819
CBDS 39 WB,58819
CBDS 36 WB Ramp from I-29 SB,58819
CBDS 37 NB,58820
CBDS 40 NB,58820
CBDS 38 SB,58820
CBDS 40 SB,58820
CBDS 37 NB Ramp from I-480,58820
CBDS 38 SB Off Ramp,58820
CBDS 23 EB,58830
CBDS 23 WB,58830
CBDS 24 EB,58831
CBDS 24 WB,58831
CBDS 41 NB,59481
CBDS 41 SB,59481
CBDS 42 NB,59482
CBDS 42 SB,59482
CBDS 43 NB,59483
CBDS 43 SB,59483
CBDS 43 NB On Ramp,59483
CBDS 43 SB Off Ramp,59483
ADR8110 - IA 192 NB @ MM 3.75,59484
ADR8110 - IA 192 SB @ MM 3.75,59484
ADR2300 - US 169 NB @ MM 63.95,59666
ADR2300 - US 169 SB @ MM 63.95,59666
CBDS 44 NB,60144
CBDS 45 SB,60144
CBDS 45 SB Off Ramp,60144
CBDS 25 EB,60152
CBDS 25 WB,60152
ADR8300 - IA 23 NB @ MM 15.10,60468
ADR8300 - IA 23 SB @ MM 15.10,60468
IWZ3073 - I-35 NB @ MM 53.63,62333
IWZ3073 - I-35 SB @ MM 53.63,62333
CBDS 46 NB,62782
CBDS 46 SB,62782
ADR2720 - US 71 NB @ MM 53.75,62872
ADR2720 - US 71 SB @ MM 53.75,62872
IWZ 3520 SB,62992
IWZ 3520 NB,62993
CBDS 47 NB,64101
CBDS 47 SB,64101
IWZ 3063 NB,64313
IWZ 3063 SB,64313
CBDS 49 NB,64760
CBDS 49 SB,64760
CBDS50 - I-29 NB @ Old Mormon Br,64760
CBDS50 - I-29 SB @ I-680 WB Off,64760
CBDS 51 EB,64760
CBDS 51 WB,64760
CBDS 51 EB Off Ramp to I-29 SB,64760
CBDS 51 WB On Ramp from I-29 SB,64760
CBDS50 - I-29 NB On Ramp @ Old M,64760
CBDS50 - I-29 SB Off Ramp @ I-68,64760
CBDS 49 SB Off Ramp,64760
CBDS 48 NB,64761
CBDS 48 SB,64761
CBDS 48 SB OR,64761
CBDS 48 NB OR,64761
CBDS 49 NB On Ramp,64761
IWZ 3084 NB,65632
IWZ 3084 SB,65632
IWZ629 - I-35 SB @ MM 57.55,66292
IWZ629 - I-35 NB @ MM 57.55,66292
ADR1000 - I-29 NB @ MM 63.95,66741
ADR1000 - I-29 SB @ MM 63.95,66741
IWZ3093 - I-35 SB @ MM 58.8,67612
IWZ3093 - I-35 NB @ MM 58.8,67612
IWZ2989 - US 65 NB @ MM 62,68295
IWZ2989 - US 65 SB @ MM 62,68295
IWZ3083 - US 65 NB @ MM 63,69615
IWZ3083 - US 65 SB @ MM 63,69615
ADR2740 - IA 163 NB @ MM 37.35,70331
ADR2740 - IA 163 SB @ MM 37.35,70331
ADR7080 - I-280 EB @ MM 8.90,73866
ADR7080 - I-280 WB @ MM 8.90,73866
ADR1240 - I-680 EB @ MM 23.05,74020
ADR1240 - I-680 WB @ MM 23.05,74020
ADR1100 - I-80 EB @ MM 32.80,74043
ADR1100 - I-80 WB @ MM 32.80,74043
ADR1150 - I-80 EB @ MM 62.35,74099
ADR1150 - I-80 WB @ MM 62.35,74099
IA-5 EAST of SW 9th-EB,74229
IA-5 EAST of SW 9th-WB,74229
IA-5 EAST of SW 9th-EB-R,74229
IA-5 EAST of SW 9th-WB-R,74229
QCDS-25-EB,74526
QCDS-25-WB,74526
I-74 NB from Ave of the Cities t,74540
I-74 SB from 12th Ave to Ave of,74540
US-65 EB from/to US-69-EB,74893
US-65 EB from/to US-69-WB,74893
US-65 EB from/to US-69-EB-R,74893
US-65 EB from/to US-69-WB-R,74893
US- 65 @ US-69 EAST-EB,74894
US- 65 @ US-69 EAST-WB,74894
US- 65 @ US-69 EAST-EB-R,74894
US- 65 @ US-69 EAST-WB-R,74894
I-74 NB from 12th Ave to 7th Ave,75200
I-74 SB from 7th Ave to 12th Ave,75200
I-80 EB @ F 90,75503
I-80 WB @ F 90,75503
I-35 NB @ MP 67,75532
I-35 SB @ MP 67,75532
IA 5 WB @ MP 101,75539
IA 5 EB @ MP 101,75539
IA-5 WEST of IA-28-EB,75541
IA-5 WEST of IA-28-WB,75541
IA-5 EB to FLEUR DRIVE-EB,75545
IA-5 EB to FLEUR DRIVE-WB,75545
IA-5 EB to FLEUR DRIVE-EB-R,75545
IA-5 EB to FLEUR DRIVE-WB-R,75545
US-65 NB to SE 64th-NB,75559
US-65 NB to SE 64th-SB,75559
US-65 NB to SE 64th-NB-R,75559
US-65 NB to SE 64th-SB-R,75559
I-74 NB from 4th Ave to 1st Ave,75859
I-74 NB from 1st Ave to Toll Pla,75859
I-74 NB from Toll Plaza to South,75859
I-74 NB from South Tower to Nort,75859
I-74 SB from North Tower to Sout,75859
I-74 SB from South Tower to Toll,75859
I-74 SB from Toll Plaza to 1st A,75859
IA 5 at MILE MARKER 103.55-EB,76194
IA 5 at MILE MARKER 103.55-WB,76194
IA 5 at MILE MARKER 103.55-WB-R,76194
IA-5 EB to SW CONNECTOR-EB,76197
IA-5 EB to SW CONNECTOR-WB,76197
IA-5 EB to SW CONNECTOR-EB-R,76197
US-65 SB at SE 64th STREET-NB,76219
US-65 SB at SE 64th STREET-SB,76219
US-65 SB at SE 64th STREET-NB-R,76219
I-74 NB from North Tower to Isle,76519
I-74 NB from Isle Park to Holmes,76519
I-74 SB from Holmes to Isle Park,76519
I-74 SB from Isle Parkway to Nor,76519
I-80 IWZ 4035 EB,76828
I-80 IWZ 4035 WB,76828
I-35 NB EXIT to GRAND AVE-NB,76853
I-35 NB EXIT to GRAND AVE-SB,76853
I-35 NB EXIT to GRAND AVE-NB-R,76853
I-35 NB EXIT to GRAND AVE-SB-R,76853
I-35 SB @ MP 68.57,76853
I-35 NB @ MP 68.57,76853
ADR2440 - IA 1 NB @ MM 71.20,77059
ADR2440 - IA 1 SB @ MM 71.20,77059
I-74 NB from Holmes to Lincoln,77179
I-74 SB from Lincoln to Holmes,77179
I-35 NB North of Grand Portable-,77513
I-35 NB DMDS69 @ Grand Ave-SB,77513
US-65 SB @ MP 75.3,77539
US-65 NB @ MP 75.3,77539
I-74 NB from Lincoln to Middle,77839
I-74 SB from Middle to Lincoln,77839
ADR7050 - I-74 NB @ MM 3.50,77839
ADR7050 - I-74 SB @ MM 3.50,77839
I-80 IWZ 4061 EB_2,78156
I-80 IWZ 4061 WB_2,78156
I-80 IWZ 4063 WB_2,78161
I-80 IWZ 4063 EB_2,78161
I-74 NB from Spruce Hills to Cro,78498
I-74 NB from Middle to Spruce Hi,78498
I-74 SB from Kimberly to Middle,78498
I-80 IWZ 4071 WB_2,78824
I-80 IWZ 4071 EB_2,78824
I-35 NB to MILLS PARKWAY-NB,78833
I-35 SB to MILLS PARKWAY-SB,78833
I-35 SB to MILLS PARKWAY-NB-R,78833
I-35 SB to MILLS PARKWAY-SB-R,78833
ADR2490 - US 216 NB @ MM 86.15,79056
ADR2490 - US 216 SB @ MM 86.15,79056
I-74 SB from 46th to Kimberly,79158
I-80 IWZ 4038 EB_2,79486
I-80 IWZ 4038 WB_2,79486
I-80 IWZ 4060 NB_2,79493
I-80 IWZ 4060 SB_2,79493
US-65 SB to VANDALIA ROAD-NB,79519
US-65 SB to VANDALIA ROAD-SB,79519
US-65 SB to VANDALIA ROAD-NB-R,79519
US-65 SB to VANDALIA ROAD-SB-R,79519
I-74 NB from Crow Creek to 53rd,79818
I-74 SB from 53rd to 46th,79818
I-80 EB at WEST MESSAGE SIGN-EB,80148
I-80 EB at WEST MESSAGE SIGN-WB,80148
ADR1160 - I-80 EB @ MM 120.65,80148
ADR1160 - I-80 WB @ MM 120.65,80148
I-35 NB at I-235 EB EXIT-NB-R,80153
I-35 NB at I-235 EB EXIT-SB-R,80153
I-35 NB at Ashworth Rd WDM-NB,80153
I-35 NB at Ashworth Rd WDM-SB,80153
IWZ3078-EB,80493
I-80 WB at JORDAN CRK PKWY-EB,80809
I-80 WB at JORDAN CRK PKWY-WB,80809
I-80 WB at JORDAN CRK PKWY-WB-R,80809
I-80 EB at JORDAN CRK PKWY-EB,80810
I-80 EB at JORDAN CRK PKWY-WB,80810
I-80 EB at JORDAN CRK PKWY-EB-R,80810
I-80 EB at JORDAN CRK PKWY-WB-R,80810
I-80 IWZ 4058 WB_OR_2,80810
I-80 EB at I-35 SB EXIT-EB,80812
I-80 EB at I-35 SB EXIT-WB,80812
I-80 EB at I-35 SB EXIT-EB-R,80812
I-80 EB at I-35 SB EXIT-WB-R,80812
I-80 EB ramp to I-35 SB West Mix,80812
I-80 EB ramp to I-80/35 EB/NB We,80812
I-80-EB at WEST MIX-EB,80813
I-80 WB-EB at WEST MIX-WB,80813
I-80/235 WB-EB at WEST MIX-EB-R,80813
I-80/235 WB-EB at WEST MIX-WB-R,80813
I-35 SB at WEST MIXER-NB,80813
I-35 SB at WEST MIXER-SB,80813
I-35 SB at WEST MIXER-SB-R,80813
I-80 IWZ 4066 NB_OR_2,80813
IWZ 4033 Ramp,80813
I-80/35 EB/NB Ramp from West Mix,80813
I-235 EB to VALLEY WEST-EB,80815
I-235 EB to VALLEY WEST-WB,80815
I-235 EB to VALLEY WEST-EB-R,80815
I-235 EB to VALLEY WEST-WB-R,80815
I-235 EB from Vly West Dr-EB,80816
I-235 EB from Vly West Dr-WB,80816
I-235 EB from Vly West Dr-EB-R,80816
I-235 EB from Vly West Dr-WB-R,80816
I-235 WB E of 22nd STREET-EB,80817
I-235 WB E of 22nd STREET-WB,80817
I-235 WB E of 22nd STREET-EB-R,80817
I-235 WB E of 22nd STREET-WB-R,80817
I-235 EB @ 8th Street Loop-EB,80819
I-235 EB @ 8th Street Loop-WB,80819
I-235 EB @ 8th Street Loop-EB-R,80819
I-235 EB @ 8th Street Loop-WB-R,80819
I-235 EB EAST OF 63RD-EB,80820
I-235 EB EAST OF 63RD-WB,80820
I-235 EB EAST OF 63RD-EB-R,80820
I-235 EB EAST OF 63RD-WB-R,80820
I-235 at 42nd STREET EB-EB,80823
I-235 at 42nd STREET EB-WB,80823
I-235 @ Sign Truss-EB,80824
I-235 @ Sign Truss-WB,80824
I-235 EB 28th STREET-EB,80825
I-235 EB 28th STREET-WB,80825
I-235 EB to MLK-EB,80826
I-235 EB to MLK-WB,80826
I-235 WB at WALKWAY-WB,80829
I-235 WB at WALKWAY-WB-R,80829
I-235 EB at WALKWAY-EB,80829
I-235 EB at WALKWAY-EB-R,80829
I-235 WB WEST END of BRIDGE-EB,80829
I-235 WB WEST END of BRIDGE-WB,80829
I-235 WB WEST END of BRIDGE-WB-R,80829
I-235 WB 9th STREET WALL-WB,80830
I-235 WB 9th STREET WALL-WB-R,80830
I-235 EB 9th STREET WALL-EB,80830
I-235 EB 9th STREET WALL-EB-R,80830
I-235 EB West of University,80831
I-235 WB West of University,80831
US 65 @ E Oakwood Dr SB,80841
US 65 @ E Oakwood Dr NB,80841
QCDS-22-EB,81129
QCDS-23-WB,81133
QCDS-23-EB,81133
IWZ3080-NB,81138
IWZ3080-SB,81138
IWZ3076-EB,81140
IWZ3076-WB,81140
IWZ3079-EB,81144
IWZ3079-WB,81144
IWZ3542-EB,81147
IWZ3542-WB,81147
IWZ3077-WB,81148
IWZ3077-EB,81148
ADR1190 - I-80 EB @ MM 302.85,81148
ADR1190 - I-80 WB @ MM 302.85,81148
IWZ3068-WB,81150
IWZ3068-EB,81150
IWZ3088-WB,81152
IWZ3088-EB,81152
IWZ3078-WB,81153
I-235 EB at E 21st St-EB,81492
I-235 EB at E 21st St-WB,81492
I-235 EB at E 21st St-WB-R,81492
I-235 WB at Washington-EB,81493
I-235 WB at Washington-WB,81493
I-235 WB at Washington-EB-R,81493
US-65 SB to UNIVERSITY-NB,81501
US-65 SB to UNIVERSITY-SB,81501
QCDS-19-WB,81778
QCDS-19-EB,81778
QCDS-20-WB,81782
QCDS-20-WB Ramp,81782
QCDS-20-EB,81782
QCDS-21-WB Ramp,81783
QCDS-22-WB,81789
I-35/80 NB to HICKMAN-NB,82133
I-35/80 NB to HICKMAN-SB,82133
I-35/80 NB to HICKMAN-SB-R,82133
I-235 EB @ Guthrie Ave,82153
I-235 WB @ Guthrie Ave,82153
ADR2500 - US 65 NB @ MM 80.75,82161
ADR2500 - US 65 SB @ MM 80.75,82161
I-35/80 NB to DOUGLAS-NB,82793
I-35/80 NB to DOUGLAS-SB,82793
I-35/80 NB to DOUGLAS-NB-R,82793
I-235 NB EUCLID LOOP-EB,82813
I-235 NB EUCLID LOOP-WB,82813
I-235 NB EUCLID LOOP-EB-R,82813
I-235 NB EUCLID LOOP-WB-R,82813
I-35/80 NB @ MP 126.5,83453
I-35/80 SB @ MP 126.5,83453
I-235 NB from EUCLID-EB,83473
I-235 NB from EUCLID-WB,83473
I-235 NB from EUCLID-EB-R,83473
I-235 NB from EUCLID-WB-R,83473
US 218 NB Iowa 1 to Rohret,83674
US 218 SB Rohret to Iowa 1,83674
I-35/80 SB from IA-141-NB,84113
I-35/80 SB from IA-141-SB,84113
I-35/80 SB from IA-141-SB-R,84113
I-35/80 @ MP 127.5,84113
I-35/80 EB WEST of 2nd AVENUE-EB,84126
I-35/80 EB WEST of 2nd AVENUE-WB,84126
I-35/80 EB to 2nd AVENUE-EB,84128
I-35/80 EB to 2nd AVENUE-WB,84128
I-35/80 EB to 2nd AVENUE-EB-R,84128
I-35/80 EB to 2nd AVENUE-WB-R,84128
I-35/80 EB from 2nd AVENUE-EB,84129
I-35/80 EB from 2nd AVENUE-WB,84129
I-35/80 EB from 2nd AVENUE-EB-R,84129
I-35/80 EB from 2nd AVENUE-WB-R,84129
I-235 EB @ DMS,84133
I-235 WB @ DMS,84133
I-235 NB Exit Ramp,84133
US-65 NB at 46th AVENUE-NB,84140
US-65 NB at 46th AVENUE-SB,84140
I-35/80 @ MP 128.5,84775
EB to 86th STREET-EB,84776
EB to 86th STREET-WB,84776
I-35/80 EB @ 86th St,84778
I-35/80 WB @ 86th St,84778
I-35/80 EB @ 72nd St,84779
I-35/80 WB @ 72nd St,84779
I-35/80 EB to MERLE HAY-EB,84780
I-35/80 EB to MERLE HAY-WB,84780
I-35/80 EB to MERLE HAY-EB-R,84780
I-35/80 EB to MERLE HAY-WB-R,84780
I-35/80 EB @ NW Beaver Dr,84782
I-35/80 WB @ NW Beaver Dr,84782
I-35/80 EB @ Iowa 28,84782
I-35/80 WB @ Iowa 28,84782
I-35/80 WB @ NW 44th St,84784
I-35/80 EB @ NW 44th St,84784
I-35/80 EB @ NW 26th St,84785
I-35/80 WB @ NW 26th St,84785
I-35/80 WB to 14th STREET-EB,84791
I-35/80 WB to 14th STREET-WB,84791
I-35/80 WB to 14th STREET-EB-R,84791
I-35/80 WB to 14th STREET-WB-R,84791
I-35/80 EB @ NE 22nd Ave - DSM,84792
I-35 NB North of East Mix,84793
I-35 SB North of East Mix,84793
I-80 EB @ Sign truss exit 137B -,84794
I-80 WB @ Sign truss exit 137B -,84794
I-80 EB @ NE 38th St - Altoona,84796
I-80 WB @ NE 38th St - Altoona,84796
Hwy65 South of I-80-NB,84799
Hwy65 South of I-80-SB,84799
Hwy65 South of I-80-NB-R,84799
Hwy65 South of I-80-SB-R,84799
ADR1200 - I-80 EB @ MM 262,85030
ADR1200 - I-80 WB @ MM 262,85030
I-80 EB at US-65 SB LOOP-EB,85458
I-80 WB at US-65 SB LOOP-WB,85458
I-80 WB at US-65 SB LOOP-WB-R,85458
I-80 EB Between US65N and US65S,85460
I-80 WB Between US65N and US65S,85460
I-80 EB @ 34th Ave NW,85460
I-80 WB @ 34th Ave NW,85460
I-80 EB @ 34th Ave NW Off Ramp,85460
I-80 EB @ HUBBELL-WB,85461
I-80 WB @ Hubbell - Altoona,85461
I-80 EB @ Hubbell - Altoona,85461
I-80 WB On Ramp @ Hubbell - Alto,85461
I-80 WB @ DMS - Altoona,85463
I-80 EB @ DMS - Altoona,85463
I-80 EB Off Ramp @ DMS - Altoona,85463
I-80 EB East of 1st Ave N - Alto,85465
I-80 WB East of 1st Ave N - Alto,85465
US 218 NB Rohret to North of Mel,85650
US 218 SB North of Melrose to Ro,85650
I-80 WB Wapsi to Hoover,85668
I-80 EB Hoover to Wapsi,85668
I-35 NB at NORTH MSG SIGN-NB,86113
I-35 SB at NORTH MSG SIGN-SB,86113
I-35 SB at NORTH MSG SIGN-NB-R,86113
I-80 EB @ NE 62nd Ave - Altoona,86126
I-80 WB @ NE 62nd Ave - Altoona,86126
ADR1230 - I-80 EB @ MM 146.85,86130
ADR1230 - I-80 WB @ MM 146.85,86130
I-80 EB at 84th Street,86176
US 218 NB North of Melrose to 35,86309
US 218 SB 355th St to North of M,86309
I-80 WB Hoover to Lynden Hgts,86325
I-80 EB Lynden Hgts to Hoover,86325
I-35 NB to CORPORATE WOODS-NB,86773
I-35 SB to CORPORATE WOODS-SB,86773
I-35 SB to CORPORATE WOODS-NB-R,86773
I-35 SB to CORPORATE WOODS-SB-R,86773
ADR8260 - US 65 NB @ MM 86.50,86784
ADR8260 - US 65 SB @ MM 86.50,86784
IWZ 3089 EB,86795
IWZ 3089 WB,86795
I-80 WB at 52nd Street,86819
I-80 EB at 52nd Street,86819
I-80 WB at Newton OH DMS,86820
I-80 EB at Newton OH DMS,86820
I-80 WB at IA 14,86823
I-80 EB at IA 14,86823
I-80 WB at W 4th Street,86825
I-80 EB at W 4th Street,86825
I-80 WB at E 12th Street,86827
I-80 EB at E 12th Street,86827
I-80 WB at Speedway Drive,86830
I-80 EB at Speedway Drive,86830
I-80 WB at 84th Street,86836
IWZ2995 - I-80 EB @ MM 172.50,86838
IWZ2995 - I-80 WB @ MM 172.50,86838
I-80 WB at Hwy T22,86840
I-80 EB at Hwy T22,86840
I-80 WB at 108th Street,86842
I-80 EB at 108th Street,86842
ADR1110 - I-80 EB @ MM 221.95,86934
ADR1110 - I-80 WB @ MM 221.95,86934
I-80 OXDS01 WB,86945
I-80 OXDS01 EB,86945
I-80 OXDS02 WB,86950
I-80 OXDS02 EB,86950
I-80 IWZ 4013 EB,86973
I-80 IWZ 4013 WB,86973
I-80 WB River to 127th,86974
I-80 EB 127th to River,86974
I-80 IWZ 4008 WB,86974
I-80 IWZ 4008 EB,86974
I-80 IWZ 4017 WB,86975
I-80 IWZ 4017 EB,86975
I-80 WB Prairie du Chen to River,86976
I-80 EB River to Prairie du Chen,86976
I-80 WB Lynden Hgts to Prairie d,86980
I-80 EB Praire du Chen to Lynden,86980
ADR2020 - US 71 @ MM 83.00,87299
ADR2020 - US 71 SB @ MM 83.00,87299
IWZ 3518 EB,87470
IWZ2987 - I-80 EB @ MM 175.55,87504
IWZ2987 - I-80 WB @ MM 175.55,87504
IWZ3091 - I-80 EB @ MM 176.35,87506
IWZ3091 - I-80 WB @ MM 176.35,87506
IWZ3062 - I-80 WB @ MM 177.00,87507
IWZ3062 - I-80 EB @ MM 177.00,87507
IWZ2005 - I-80 EB @ MM 178.20,87509
IWZ2005 - I-80 WB @ MM 178.20,87509
IWZ3069 - I-80 EB @ Hwy T38 On R,87511
IWZ3069 - I-80 WB @ Hwy T38 Off,87511
IWZ3309 - I-80 EB @ Grinnell RA,87513
IWZ3309 - I-80 WB @ Grinnell RA,87513
I-80 OXDS03 WB,87615
I-80 OXDS03 EB,87615
I-80 WB West of Ireland to Half,87622
I-80 EB Half Moon to West of Ire,87622
I-80 WB West of Jasper to West o,87624
I-80 EB West of Ireland to West,87624
I-80 WB I-380 to West of Jasper,87626
I-80 EB West of Jasper to I-380,87626
I-80 WB 2nd to I-380,87627
I-80 EB I-380 to 2nd,87627
US 218 NB 355th St. to I-80,87627
US 218 SB I-80 to 355th St.,87627
I-380 NB I-80 to North of US 6,87627
I-380 SB North of US 6 to I-80,87627
I-80 WB Coral Ridge Int.,87630
I-80 EB Coral Ridge Int.,87630
I-80 EB Coral Ridge Int. On Ramp,87630
I-80 WB Coral Ridge Int. On Ramp,87630
I-35 NB to ORALABOR ROAD-NB,88093
I-35 SB to ORALABOR ROAD-SB,88093
I-35 SB to ORALABOR ROAD-NB-R,88093
I-35 SB to ORALABOR ROAD-SB-R,88093
IWZ 3518 WB,88130
I-380 NB North of US 6 to 270th,89606
I-380 SB 270th St. to North of U,89606
I-35 NB at 1st AVE ANKENY-NB,90073
I-35 NB at 1st AVE ANKENY-SB,90073
I-380 SB North of Penn to 270th,90926
I-380 NB 270th St. to North of P,90927
ADR2420 - US 61 NB @ MM 133.60,91034
ADR2420 - US 61 SB @ MM 133.60,91034
I-35 SB @ MP 94,91393
I-35 NB @ MP 94,91393
ADR5030 - IA 415 EB @ MM 13.40,92038
ADR5030 - IA 415 WB @ MM 13.40,92038
I-35 SB @ NE 36th St,92054
I-35 NB @ NE 36th St,92054
ADR1250 - I-380 NB @ M M 5.95,92906
ADR1250 - I-380 SB @ M M 5.95,92906
I-380 NB North of Penn to North,92906
I-380 SB North of Swan Lake to N,92906
ADR2480 - IA 21 NB @ MM 48.45,93503
ADR2480 - IA 21 SB @ MM 48.45,93503
I-35 SB @ NE 126th Ave,94033
I-35 NB @ NE 126th Ave,94033
IWZ2005 - I-380 NB @ MM 6.82,94226
IWZ2005 - I-380 SB @ MM 6.82,94226
I-380 NB North of Swan Lake to N,94886
I-380 SB North of River to North,94886
IWZ 3062 SB,95545
IWZ 3062 NB,95546
ADR2430 - US 30 EB @ MM 318.75,95666
ADR2430 - US 30 WB @ MM 318.75,95666
I-35 SB @ NE 142nd Ave,96013
I-35 NB @ NE 142nd Ave,96013
I-380 SB 140th St. to North of R,96204
I-380 NB North of River to 140th,96205
ADR2460 - IA 141 EB @ MM 131.40,96625
ADR2460 - IA 141 WB @ MM 131.40,96625
ADR2240 - US 59 NB @ MM 89.55,97156
ADR2240 - US 59 SB @ MM 89.55,97156
I-35 SB @ NE 158th Ave,97333
I-35 NB @ NE 158th Ave,97333
I-380 SB North of 120th St. to 1,97523
I-380 NB 140th St. to North of 1,97524
I-380 SB  South of Wright Brothe,98844
I-380 CRDS01 NB,98844
I-380 CRDS01 SB,98844
I-35 SB @ IA 210,99313
I-35 NB @ IA 210,99313
ADR2680 - US 30 EB @ MM 41.40,100434
ADR2680 - US 30 WB @ MM 41.40,100434
I-35 SB @ Heart of Iowa Nature T,100633
I-35 NB @ Heart of Iowa Nature T,100633
I-380 CRDS02 SB,100823
I-380 CRDS02 NB,100823
I-380 CRDS03 NB,101483
I-380 CRDS03 SB,101483
I-35 SB @ MP 105.7,101953
I-35 NB @ MP 105.7,101953
ADR2590 - US 30 EB @ MM 268.95,102175
ADR2590 - US 30 WB @ MM 268.95,102175
US 30 CRDS43 EB,102802
I-380 SB US 30 to 66th Ave.,102803
I-380 CRDS04 NB,102803
I-380 CRDS04 SB,102803
I-380 CRDS04 NB Ramp,102803
I-380 CRDS05 SB,102803
US 30 CRDS44 EB,102803
US 30 CRDS44 WB,102803
US 30 CRDS44 EB Ramp,102803
US 30 CRDS44 WB Ramp,102803
US 30 CRDS45 EB,102803
US 30 CRDS45 WB,102803
US 30 CRDS45 EB Ramp,102803
US 30 CRDS46 EB,102803
US 30 CRDS46 WB,102803
US 30 CRDS46 EB Ramp,102803
US 30 CRDS46 WB Ramp,102803
I-380 CRDS05 NB,102804
US 30 CRDS47 EB,102804
US 30 CRDS47 WB,102804
US 30 CRDS47 EB Ramp,102804
US 30 CRDS48 EB,102805
US 30 CRDS48 WB,102805
US 30 CRDS48 EB Ramp,102805
US 30 CRDS48 WB Ramp,102805
US 30 CRDS49 EB,102806
US 30 CRDS49 WB,102806
US 30 CRDS49 EB Ramp,102806
US 30 CRDS50 EB,102806
US 30 CRDS50 WB,102806
US 30 CRDS50 EB Ramp,102806
US 30 CRDS50 WB Ramp,102806
US 30 CRDS51 EB,102807
US 30 CRDS51 WB,102807
US 30 CRDS51 EB Ramp,102807
US 30 CRDS51 WB Ramp,102807
US 30 CRDS52 EB,102809
US 30 CRDS52 WB,102809
US 30 CRDS53 EB,102810
US 30 CRDS53 WB,102810
US 30 CRDS54 EB,102813
US 30 CRDS54 WB,102813
IA 13 CRDS56 NB,102816
IA 13 CRDS56 SB,102816
IA 13 CRDS56 NB Ramp,102816
IA 13 CRDS56 SB Ramp,102816
US 30 CRDS55 EB,102817
US 30 CRDS55 WB,102817
US 30 CRDS55 EB Ramp,102817
US 30 CRDS41 EB,103458
US 30 CRDS41 WB,103458
US 30 CRDS41 EB Ramp,103458
US 30 IWZ 4062 WB,103459
US 30 IWZ 4062 EB,103459
US 30 CRDS42 EB,103460
US 30 CRDS42 WB,103460
US 30 IWZ 4036 WB,103461
US 30 IWZ 4036 EB,103461
US 30 CRDS43 WB,103462
I-380 CRDS07 Ramp RL,103463
I-380 CRDS07 Ramp LL,103463
I-380 CRDS06 NB,103464
I-380 CRDS06 SB,103464
I-380 CRDS08 NB,103464
I-380 CRDS08 SB,103464
I-380 CRDS08 SB Ramp,103464
I-35 SB @ MP 107.8,103934
I-35 NB @ MP 107.8,103934
US 30 CRDS39 EB,104115
US 30 CRDS39 WB,104115
US 30 CRDS40 EB,104116
US 30 CRDS40 WB,104116
US 30 CRDS40 EB Ramp,104116
US 30 CRDS41 WB Ramp,104118
I-380 CRDS09 SB,104123
I-380 CRDS09 SB Ramp,104123
I-380 CRDS10 NB,104123
I-380 CRDS10 SB,104123
I-380 CRDS10 NB Ramp,104123
I-380 CRDS10 SB Ramp,104123
I-380 CRDS09 NB,104124
I-380 CRDS09 NB Ramp,104124
US 30 CRDS38 EB T,104773
US 30 CRDS38 WB T,104773
US 30 IWZ 4067 WB,104774
US 30 IWZ 4067 EB,104774
I-380 CRDS11 NB,104783
I-380 CRDS11 SB,104783
I-380 CRDS11 NB Ramp,104783
I-380 CRDS11 SB Ramp,104783
ADR2580 - US 30 EB @ MM 229.45,105403
ADR2580 - US 30 WB @ MM 229.45,105403
US 30 CRDS37 WB,105432
US 30 CRDS37 EB,105432
I-380 CRDS12 NB,105443
I-380 CRDS12 SB,105443
I-380 CRDS12 NB Ramp,105443
I-380 CRDS12 SB Ramp,105443
I-380 CRDS13 NB,105443
I-380 CRDS13 SB,105443
I-35 SB @ County Rd E57,105913
I-35 NB @ County Rd E57,105913
I-380 CRDS14 NB,106103
I-380 CRDS14 SB,106103
I-380 CRDS15 NB,106103
I-380 CRDS15 NB Ramp,106103
I-380 CRDS16 SB,106103
I-380 CRDS17 NB Ramp,106103
I-380 CRDS19 SB,106103
I-380 CRDS19 NB,106103
I-380 CRDS20 NB,106764
I-380 CRDS20 SB,106764
I-380 CRDS20 NB Ramp,106764
I-380 CRDS20 SB Ramp,106764
I-380 CRDS22 SB,106764
I-380 CRDS21 NB,106764
I-380 CRDS23 NB,107424
I-380 CRDS23 SB,107424
I-380 CRDS23 NB Ramp,107424
I-380 CRDS24 NB,107424
I-380 CRDS24 SB,107424
I-380 CRDS24 NB Ramp,107424
I-380 CRDS24 SB Ramp,107424
US 30 EB @ County Rd R38 Entranc,107883
US 30 EB @ 520th Ave,107885
US 30 WB @ 520th Ave,107885
US 30 EB @ MP 146.6,107886
US 30 WB @ MP 146.6,107886
US 30 WB @ MP 146.6 Exit Ramp,107886
US 30 WB @ MP 146.6 Entrance Ram,107886
US 30 EB @ MP 147.2,107887
US 30 WB @ MP 147.2,107887
US 30 WB @ MP 147.2 Exit Ramp,107887
US 30 EB @ MP 147.2 Entrance Ram,107887
US 30 EB @ MP 148.1,107889
US 30 EB @ US 69,107889
US 30 WB @ US 69,107889
US 30 WB @ MP 148.1,107889
US 30 EB @ MP 148.1 Exit Ramp,107889
US 30 EB @ US 69 Entrance Ramp,107889
US 30 EB @ MP 148.7,107890
US 30 WB @ MP 148.7,107890
US 30 WB @ MP 148.7 Exit Ramp,107890
US 30 EB @ MP 148.7 Entrance Ram,107890
US 30 EB @ S Dayton Ave,107892
US 30 WB @ S Dayton Ave,107892
US 30 EB @ I-35,107893
US 30 WB @ I-35,107893
I-35 SB @ US 30 North,107893
I-35 SB @ US 30 South,107893
I-35 SB S of US 30,107893
I-35 NB S of US 30,107893
I-35 NB @ US 30 South,107893
I-35 NB @ US 30 North,107893
US 30 EB @ I-35 Exit Ramp,107893
I-35 SB S of US 30 Entrance Ramp,107893
I-35 SB S of US 30 Exit Ramp,107893
I-35 NB @ US 30 South Entrance R,107893
I-35 SB @ US 30 South Exit Ramp,107893
US 30 EB @ MP 152,107894
US 30 WB @ MP 152,107894
I-35 NB Off Ramp US-30 WB,107894
I-35 NB On Ramp US-30 WB,107894
US 30 EB @ 580th Ave,107896
US 30 WB @ 580th Ave,107896
US 30 EB @ 600th Ave,107900
US 30 WB @ 600th Ave,107900
US 30 EB @ County Highway S14,107904
US 30 WB @ County Highway S14,107904
US 30 EB @ S 11th St,107906
US 30 WB @ S 11th St,107906
US 30 EB @ S 19th St,107907
US 30 WB @ S 19th St,107907
US 30 EB @ S 19th St Exit Ramp,107907
US 30 EB @ S 19th St Entrance Ra,107907
I-380 CRDS25 NB,108084
I-380 CRDS25 SB,108084
I-380 CRDS25 NB Ramp,108084
I-380 CRDS25 SB Ramp,108084
I-380 CRDS26 NB,108084
I-380 CRDS27 SB,108084
I-380 CRDS28 NB,108744
I-380 CRDS28 SB,108744
I-380 CRDS28 NB Ramp,108744
I-380 CRDS28 SB Ramp,108744
I-380 CRDS29 NB,108744
I-380 CRDS29 SB,108744
I-380 CRDS29 NB Ramp,108744
I-380 CRDS29 SB Ramp,108744
US 30 EB @ MP 139,109191
US 30 WB @ MP 139,109191
US 30 EB @ U Ave,109193
US 30 WB @ U Ave,109193
US 30 EB @ MP 142,109197
US 30 WB @ MP 142,109197
US 30 EB @ MP 142 Exit Ramp,109197
US 30 WB @ MP 142 On Ramp LL,109197
I-35 SB @ E Lincoln Way,109213
I-35 NB @ E Lincoln Way,109213
I-380 CRDS30 NB,109403
I-380 CRDS30 SB,109403
I-380 CRDS30 SB Ramp,109403
I-380 CRDS31 NB,109403
I-380 CRDS31 SB,109403
I-380 CRDS32 NB,109403
I-380 CRDS32 SB,109403
I-380 CRDS32 NB Ramp,109403
I-380 CRDS32 SB Ramp,109403
I-380 CRDS30 NB Ramp,109404
ADR2690 - US 30 EB @ MM 117.55,109811
ADR2690 - US 30 WB @ MM 117.55,109811
US 30 EB @ MP 135.5,109845
US 30 WB @ MP 135.5,109845
US 30 EB @ IA 17,109849
US 30 WB @ IA 17,109849
I-35 SB @ E 13th St,109873
I-35 NB @ E 13th St,109873
I-380 CRDS33 NB,110063
I-380 CRDS33 SB,110063
I-380 CRDS33 NB Ramp,110063
I-380 CRDS33 SB Ramp,110063
I-380 CRDS34 NB,110723
I-380 CRDS34 SB,110723
I-380 CRDS34 NB Ramp,110723
I-380 CRDS34 SB Ramp,110723
I-380 CRDS35 SB,111380
I-380 CRDS35 NB,111381
I-35 SB @ County Highway E29,112514
I-35 NB @ County Highway E29,112514
I-380 CRDS36 NB,114020
I-380 CRDS36 SB,114020
IWZ 3075 NB,115155
IWZ 3075 SB,115155
ADR2810 - US 151 NB @ MM 60.55,120008
ADR2810 - US 151 SB @ MM 60.55,120008
I-35 @ 380th St NB,123733
I-35 @ 380th St SB,123733
I-35 @ 360th St NB,125053
I-35 @ 360th St SB,125053
ADR1130 - I-380 NB @ MM 45,125219
ADR1130 - I-380 SB @ MM 45,125219
I-35 @ 350th St NB,126373
I-35 @ 350th St SB,126373
I-35 @ 340th St NB,127033
I-35 @ 340th St SB,127033
I-35 @ 330th St NB,128354
I-35 @ 330th St SB,128354
I-35 @ 320th St SB,129014
I-35 @ 320th St NB,129014
ADR1040 - I-35 NB @ MM 136,130993
ADR1040 - I-35 SB @ MM 136,130993
I-29 SDSC-01 SB,132035
I-29 SDSC-01 NB,132035
ADR2410 - IA 13 NB @ MM 33.35,132522
ADR2410 - IA 13 SB @ MM 33.35,132522
I-29 SDSC-02 SB,133354
I-29 SDSC-02 NB,133354
I-29 SDSC-02 SB On Ramp,133354
I-29 SDSC-02 NB Off Ramp,133354
I-29 SDSC-03 SB,134014
I-29 SDSC-03 NB,134014
I-380 WLDS-15 SB,135093
I-380 WLDS-15 NB,135093
I-380 WLDS-14 SB,135752
I-380 WLDS-14 NB,135752
I-29 SDSC-04 SB,135993
I-29 SDSC-04 NB,135993
ADR2750 - US 20 EB @ MM 303.50,136536
ADR2750 - US 20 WB @ MM 303.50,136536
US 20 SDSC-07 WB,136652
US 20 SDSC-07 EB,136652
I-29 SDSC-05 SB,136653
I-29 SDSC-05 NB,136653
US 20 SDSC-06 WB,136653
US 20 SDSC-06 EB,136653
US 20 SDSC-18 EB,136654
US 20 SDSC-18 WB,136654
US 20 SDSC-18 EB On Ramp,136654
US 20 SDSC-18 WB Off Ramp,136654
US 20 SDSC-19 EB,136655
US 20 SDSC-19 WB,136655
US 20 SDSC-19 EB Off Ramp,136655
US 20 SDSC-19 WB On Ramp,136655
US 20 SDSC-20 NB,136656
US 20 SDSC-20 SB,136656
ADR2850 - US 20 EB @ MM 98.00,136826
IWZ2992 - US 20 EB @ MM 152.2,136932
IWZ2992 - US 20 WB @ MM 152.2,136932
IWZ2990 - US 20 EB @ I-35 SB Off,136933
IWZ2990 - US 20 WB @ I-35 SB On,136933
IWZ2999 - US 20 EB @ Vail Ave,136935
IWZ2999 - US 20 WB @ Vail Ave,136935
IWZ2994 - US 20 EB @ MM 154.15,136936
IWZ2994 - US 20 WB @ MM 154.15,136936
ADR2550 - US 20 EB @ MM 169.85,136967
ADR2550 - US 20 WB @ MM 169.85,136967
US 218 IWZ 4044 NB,137060
US 218 IWZ 4044 SB,137060
US 218 IWZ 4023 NB,137060
US 218 IWZ 4023 SB,137060
I-380 WLDS-11 SB,137069
I-380 WLDS-11 NB,137069
I-380 WLDS-12 SB,137071
I-380 to US-20 WLDS-12 SB,137071
I-380 WLDS-13 NB,137071
US-20 to I-380 WLDS-13 NB,137071
ADR2450 - US 20 EB @ MM 244.75,137083
ADR2450 - US 20 WB @ MM 244.75,137083
I-29 SDSC-08 SB,137313
I-29 SDSC-08 NB,137313
US 20 SDSC-22 SB,137317
US 20 SDSC-22 NB,137317
US 20 SDSC-21 EB,137317
US 20 SDSC-21 WB,137317
US 20 SDSC-21 EB Off Ramp,137317
US 20 SDSC-21 WB On Ramp,137317
US 20 SDSC-22 SB On Ramp,137317
US 20 SDSC-22 NB Off Ramp,137318
ADR2850 - US 20 WB @ MM 98.00,137486
US-20 WLDS-01 EB,137713
US-20 WLDS-01 WB,137713
US-20 WLDS-02 EB,137716
US-20 WLDS-02 WB,137716
US-20 WLDS-03 EB,137717
US-20 WLDS-03 WB,137717
US 20 IWZ 4025 WB,137718
US 20 IWZ 4025 EB,137718
I-380 WLDS-05 SB,137719
US-20 WLDS-04 EB,137719
US-20 WLDS-04 WB,137719
I-380 IWZ 4045 NB,137719
I-380 IWZ 4032 NB,137719
US-20 WLDS-06 EB,137720
US-20 WLDS-06 WB,137720
I-380 IWZ 4011 WB,137720
I-380 WLDS-07 SB,137721
I-380 WLDS-07 NB,137721
I-380 WLDS-09 SB,137725
I-380 WLDS-09 NB,137725
I-380 WLDS-10 SB,137727
I-380 WLDS-10 NB,137727
I-29 SCDS-29 NB,137973
I-29 SCDS-29 SB,137973
I-35 @ 220th St SB,138254
I-35 @ 220th St NB,138254
I-380 WLDS-17 NB,138379
I-380 WLDS-17 SB,138379
I-380 WLDS-16 NB,138379
I-380 WLDS-16 SB,138379
I-380 WLDS-16 SB Ramp,138379
I-380 WLDS-08 SB,138383
I-380 WLDS-08 NB,138383
I-29 SDSC-09 NB,138632
I-29 SDSC-09 SB,138632
US 20 SDSC-23 NB,138638
US 20 SDSC-23 SB,138638
US 20 SDSC-23 NB Off Ramp,138638
ADR2570 - US 20 EB @ MM 41.50,138708
ADR2570 - US 20 WB @ MM 41.50,138708
I-380 WLDS-18 NB,139038
I-380 WLDS-18 SB,139038
I-380 IWZ 4046 SB,139038
I-29 SDSC-11 SB T,139290
I-29 SDSC-12 NB,139290
I-29 SDSC-12 SB,139290
I-29 SCDS-28 SB Exit Ramp Downto,139290
I-29 SDSC-12 SB On Ramp,139290
I-29 SDSC-10 NB,139291
I-29 SDSC-10 SB,139291
I-29 SDSC-11 NB T,139291
I-29 SDSC-11 NB Off Ramp T,139291
I-29 SCDS-31 SB,139291
I-29 SCDS-31 NB,139291
US 75 SDSC-24 SB,139298
US 75 SDSC-24 NB,139298
I-380 IWZ 4019 SB,139697
I-380 IWZ 4018 SB,139698
I-29 SDSC-17 EB,139943
I-29 SDSC-17 WB,139943
I-29 SDSC-16 NB,139944
I-29 SDSC-16 SB,139944
I-29 SDSC-16 NB Off Ramp,139944
I-29 SDSC-16 SB On Ramp,139944
I-29 SCDS-26 NB,139945
I-29 SCDS-26 SB,139945
I-29 SCDS-15 NB,139946
I-29 SCDS-15 SB,139946
I-29 SDSC-14 NB,139948
I-29 SDSC-14 SB,139948
I-29 SCDS-30 SB,139948
I-29 SCDS-30 NB,139948
I-29 SDSC-13 NB,139949
I-29 SDSC-13 SB,139949
DMTT06 - I-29 SB @ MM 148.83 T,139949
DMTT06 - I-29 NB @ MM 148.83 T,139949
DMTT06 - I-29 SB On Ramp @ MM 14,139949
DMTT06 - I-29 NB On Ramp @ MM 14,139949
DMTT06 - I-29 NB Off Ramp @ MM 1,139949
I-29 SDSC-12 NB Off Ramp,139950
ADR1210 - I-35 NB @ MM 153.20,146838
ADR1210 - I-35 SB @ MM 153.20,146838
ADR2790 - IA 13 NB @ MM 50.10,147044
ADR2790 - IA 13 SB @ MM 50.10,147044
ADR2610 - US 69 NB @ MM 167.60,149408
ADR2610 - US 69 SB @ MM 167.60,149408
ADR8280 - IA 150 NB @ MM 54.95,151619
ADR8280 - IA 150 SB @ MM 54.95,151619
ADR2340 - IA 12 NB @ MM 21.65,151815
ADR2340 - IA 12 SB @ MM 21.65,151815
ADR8200 - IA 17 NB @ MM 70.65,152080
ADR8200 - IA 17 SB @ MM 70.65,152080
ADR2700 - US 71 NB @ MM 168.80,153275
ADR2700 - US 71 SB @ MM 168.80,153275
ADR2220 - IA 3 EB @ MM 138.25,156025
ADR2220 - IA 3 WB @ MM 138.25,156025
ADR2630 - US 52 NB @ MM 91.75,162252
ADR2630 - US 52 SB @ MM 91.75,162252
IWZ3546 - I-35 NB @ MM 183.2,172596
IWZ3546 - I-35 SB @ MM 183.2,172596
ADR2530 - US 216 NB @ MM 225.15,173988
ADR2530 - US 216 SB @ MM 225.15,173988
ADR2520 - US 18 NB @ MM 253.20,174019
ADR2520 - US 18 SB @ MM 235.20,174019
IWZ3053 - I-35 SB @ MM 185.1,174576
IWZ3053 - I-35 NB @ MM 185.1,174576
IWZ3553 - I-35 NB @ MM 186.05,175896
IWZ3553 - I-35 SB @ MM 186.05,175896
ADR2070 - US 18 EB @ MM 132.35,179111
ADR2070 - US 18 WB @ MM 132.35,179111
ADR2560 - US 18 EB @ MM 182.00,180522
ADR2560 - US 18 WB @ MM 182.00,180522
ADR2710 - US 18 EB @ MM 110.35,181051
ADR2710 - US 18 WB @ MM 110.35,181051
ADR2170 - IA 122 EB @ MM 3.00,183160
ADR2170 - IA 122 WB @ MM 3.00,183160
ADR8120 - IA 122 EB @ MM 8.95,183172
ADR8120 - IA 122 WB @ MM 8.95,183172
ADR2100 - US 18 EB @ MM 46.60,185554
ADR2100 - US 18 WB @ MM 46.60,185554
ADR1090 - I-35 NB @ MM 200.15,189756
ADR1090 - I-35 SB @ MM 200.15,189756
ADR2210 - IA 9 EB @ MM 98.90,199523
Edit me - ADR2210 - IA 9 WB @ MM,199523
ADR2760 - US 63 NB @ MM 227.30,199761
ADR2760 - US 63 SB @ MM 227.30,199761
ADR2540 - IA 60 NB @ MM 53.70,204040
ADR2540 - IA 60 SB @ MM 53.70,204040
QCDS-24-EB,0
DMTT05-EB,0
DMTT05-WB,0
IWZ3546-WB,0
IWZ3546-EB,0
IWZ3553-WB,0
IWZ3553-EB,0
IWZ3545-EB,0
IWZ3545-WB,0
IWZ3551-WB,0
IWZ3551-EB,0
I-35 NB at I-235 EB EXIT-NB,0
I-35 NB at I-235 EB EXIT-SB,0
I-80 IWZ 4003 WB,0
IWZ 3087 WB On Ramp,0
I-29 SDSC-08 SB Ramp,0
PEEK TEST,0
I-380 NB North of 120th St. to S,0
I-380 NB South of Wright Brother,0
I-380 SB South of 76th Ave. to S,0
I-380 NB South of 76th Ave. to 6,0
I-380 SB 66th Ave. to South of 7,0
I-380 NB 66th Ave. to US 30,0
US 20 IWZ 3073 EB,0
US 20 IWZ 3073 WB,0
US 20 IWZ 3093 EB,0
US 20 IWZ 3093 WB,0
I-380 IWZ 216 SB,0
I-380 IWZ 216 NB,0
CBDS 02 EB Ramp to I-29 NB,0
CBDS 18 SB On from I-80 WB,0
CBDS 17 WB,0
CBDS 18 SB from I-80 EB,0
CBDS 17 WB from I-29 NB,0
IWZ 3090 SB,0
I-80 IWZ 4071 WB,0
I-80 IWZ 4071 EB,0
CBDS 17 I-80 EB,0
CBDS 17 I-29 SB,0
CBDS 18 SB Off from I-80 EB,0
IWZ 629 WB,0
IWZ 629 EB,0
IWZ 3086 EB,0
IWZ 3086 WB,0
